--
-- Script was generated by Devart dbForge Studio for MySQL, Version 10.1.24.0
-- Product home page: https://www.devart.com/dbforge/mysql/studio
-- Script date 4/16/2025 17:18:19
-- Server version: 10.1.21
--

--
-- Disable foreign keys
--
/*!40014 SET @OLD_FOREIGN_KEY_CHECKS=@@FOREIGN_KEY_CHECKS, FOREIGN_KEY_CHECKS=0 */;

--
-- Set SQL mode
--
/*!40101 SET @OLD_SQL_MODE=@@SQL_MODE, SQL_MODE='NO_AUTO_VALUE_ON_ZERO' */;

--
-- Set character set the client will use to send SQL statements to the server
--
SET NAMES 'utf8';

--
-- Set default database
--
USE homestead;

--
-- Drop table `issues`
--
DROP TABLE IF EXISTS issues;

--
-- Drop table `media`
--
DROP TABLE IF EXISTS media;

--
-- Drop table `migrations`
--
DROP TABLE IF EXISTS migrations;

--
-- Drop table `password_resets`
--
DROP TABLE IF EXISTS password_resets;

--
-- Drop table `plant_disease_insects`
--
DROP TABLE IF EXISTS plant_disease_insects;

--
-- Drop table `users`
--
DROP TABLE IF EXISTS users;

--
-- Drop table `pesticides`
--
DROP TABLE IF EXISTS pesticides;

--
-- Drop table `groups`
--
DROP TABLE IF EXISTS groups;

--
-- Set default database
--
USE homestead;

--
-- Create table `groups`
--
CREATE TABLE groups (
  id int(11) NOT NULL,
  name varchar(255) DEFAULT NULL,
  PRIMARY KEY (id)
)
ENGINE = INNODB,
AVG_ROW_LENGTH = 2340,
CHARACTER SET utf8mb4,
COLLATE utf8mb4_unicode_ci,
ROW_FORMAT = COMPACT;

--
-- Create table `pesticides`
--
CREATE TABLE pesticides (
  id int(11) NOT NULL,
  name varchar(255) DEFAULT NULL,
  group_id int(11) DEFAULT NULL,
  trademark_name varchar(255) DEFAULT NULL,
  bioactive_percent varchar(100) DEFAULT NULL,
  unit varchar(20) DEFAULT NULL,
  water_ratio varchar(100) DEFAULT NULL,
  used_for longtext DEFAULT NULL,
  crop_day_length int(11) DEFAULT NULL,
  cide_group varchar(50) DEFAULT NULL,
  plant longtext DEFAULT NULL,
  created_at datetime DEFAULT NULL,
  updated_at datetime DEFAULT NULL,
  PRIMARY KEY (id)
)
ENGINE = INNODB,
AVG_ROW_LENGTH = 744,
CHARACTER SET utf8mb4,
COLLATE utf8mb4_unicode_ci,
ROW_FORMAT = COMPACT;

--
-- Create foreign key
--
ALTER TABLE pesticides
ADD CONSTRAINT FK_pesticides_groups FOREIGN KEY (group_id)
REFERENCES `groups` (id) ON DELETE NO ACTION ON UPDATE NO ACTION;

--
-- Create table `users`
--
CREATE TABLE users (
  id int(11) NOT NULL,
  name varchar(255) CHARACTER SET utf8mb4 COLLATE utf8mb4_general_ci NOT NULL,
  email varchar(255) CHARACTER SET utf8mb4 COLLATE utf8mb4_general_ci NOT NULL,
  password varchar(255) CHARACTER SET utf8mb4 COLLATE utf8mb4_general_ci NOT NULL,
  remember_token varchar(100) CHARACTER SET utf8mb4 COLLATE utf8mb4_general_ci DEFAULT NULL,
  created_at datetime DEFAULT NULL,
  updated_at datetime DEFAULT NULL,
  PRIMARY KEY (id)
)
ENGINE = INNODB,
CHARACTER SET utf8mb4,
COLLATE utf8mb4_unicode_ci,
ROW_FORMAT = COMPACT;

--
-- Create table `plant_disease_insects`
--
CREATE TABLE plant_disease_insects (
  id int(11) NOT NULL,
  type smallint(6) DEFAULT NULL,
  name varchar(255) DEFAULT NULL,
  cause longtext DEFAULT NULL,
  symptom longtext DEFAULT NULL,
  life_cycle longtext DEFAULT NULL,
  effect longtext DEFAULT NULL,
  protect_eliminate longtext DEFAULT NULL,
  plant_type longtext DEFAULT NULL,
  created_at datetime DEFAULT NULL,
  updated_at datetime DEFAULT NULL,
  PRIMARY KEY (id)
)
ENGINE = INNODB,
CHARACTER SET utf8mb4,
COLLATE utf8mb4_unicode_ci,
ROW_FORMAT = COMPACT;

--
-- Create table `password_resets`
--
CREATE TABLE password_resets (
  email varchar(255) CHARACTER SET utf8mb4 COLLATE utf8mb4_general_ci NOT NULL,
  token varchar(255) CHARACTER SET utf8mb4 COLLATE utf8mb4_general_ci NOT NULL,
  created_at datetime NOT NULL
)
ENGINE = INNODB,
CHARACTER SET utf8mb4,
COLLATE utf8mb4_unicode_ci,
ROW_FORMAT = COMPACT;

--
-- Create table `migrations`
--
CREATE TABLE migrations (
  migration varchar(255) CHARACTER SET utf8mb4 COLLATE utf8mb4_general_ci NOT NULL,
  batch int(11) NOT NULL
)
ENGINE = INNODB,
CHARACTER SET utf8mb4,
COLLATE utf8mb4_unicode_ci,
ROW_FORMAT = COMPACT;

--
-- Create table `media`
--
CREATE TABLE media (
  id int(11) NOT NULL,
  model varchar(50) DEFAULT NULL,
  model_id int(11) DEFAULT NULL,
  image varchar(255) DEFAULT NULL,
  PRIMARY KEY (id)
)
ENGINE = INNODB,
AVG_ROW_LENGTH = 4096,
CHARACTER SET utf8mb4,
COLLATE utf8mb4_unicode_ci,
ROW_FORMAT = COMPACT;

--
-- Create table `issues`
--
CREATE TABLE issues (
  id int(11) DEFAULT NULL,
  first_name varbinary(255) DEFAULT NULL,
  last_name char(10) CHARACTER SET utf8mb4 COLLATE utf8mb4_general_ci DEFAULT NULL,
  agriculturist_code varchar(100) DEFAULT NULL,
  lat varchar(50) DEFAULT NULL,
  `long` varchar(50) DEFAULT NULL,
  station varchar(255) DEFAULT NULL,
  plant_type longtext DEFAULT NULL,
  disease_insects varchar(255) DEFAULT NULL,
  area_percentage decimal(5, 2) DEFAULT NULL,
  created_at datetime DEFAULT NULL,
  updated_at datetime DEFAULT NULL
)
ENGINE = INNODB,
CHARACTER SET utf8mb4,
COLLATE utf8mb4_unicode_ci,
ROW_FORMAT = COMPACT;

-- 
-- Dumping data for table `groups`
--
INSERT INTO `groups` VALUES
(1, 'สารกำจัดโรคพืช'),
(2, 'สารกำจัดแมลงและไรศัตรูพืช\r\n'),
(3, 'สารชีวภัณฑ์และสารธรรมชาติ'),
(4, 'สารกำจัดหนู'),
(5, 'สารกำจัดหอย ทาก ศัตรูพืช'),
(6, 'สารกำจัดวัชพืช'),
(7, 'สารจับใบและสารเสริมประสิทธิภาพและอื่นๆ');

-- Table homestead.users does not contain any data (it is empty)

-- Table homestead.plant_disease_insects does not contain any data (it is empty)

-- 
-- Dumping data for table pesticides
--
INSERT INTO pesticides VALUES
(1, 'ครีโซซิม-เมทิล (kresoxim-methyl) (ดูดซึม)', 1, 'สโตรบี้', '50', 'WG', '12 - 20 g', 'โรคใบจุดสีน้ำตาลในข้าว โรคราแป้ง โรคใบจุดและโรคใบไหม้ในพืชอื่นๆ', 3, '11', 'พืชทั่วไป', '2020-08-29 15:13:00', '2020-08-29 15:13:00'),
(2, 'คลอโรทาโลนิล (chlorothalonil) (สัมผัส)', 1, 'แอ็คนาว-เอฟ', '50', 'SC', '40 - 50 ml', 'โรคราน้ำค้างในคะน้าและพืชอื่นๆ โรคใบจุด โรคใบไหม้  \r\nโรคแอนแทรคโนส ', 0, 'M5', 'พืชทั่วไป', '2020-08-29 15:13:00', '2020-08-29 14:44:51'),
(3, 'คาร์เบนดาซิม (carbendazim)', 1, 'เบ็นตัส เอสซี', '50', 'sc', '10-20 ml', 'โรคที่เกิดจาก', 14, '1', 'พืชทั่วไป (ยกเว้นมะม่วง)', '2020-08-29 15:13:00', '2020-08-29 15:13:00'),
(4, 'คาร์เบนดาซิม (carbendazim)', 1, 'โพลลาร์ด', '50', 'sc', '10-20 ml', 'โรคที่เกิดจากเชื้อราเช่น โรคใบซีดสีน้ำตาล โรคกาบใบแห้งในข้าว โรคใบจุดในคะน้า โรคใบใหม้ โรคสแคป โรคแอนแทรคโนส', 14, '1', 'พืชทั่วไป (ยกเว้นมะม่วง)', '2020-08-29 15:13:00', '2020-08-29 15:13:00'),
(5, 'คาร์เบนดาซิม (carbendazim)', 1, 'คาร์ดาซิน เอฟ', '50', 'sc', '10-20 ml', 'โรคที่เกิดจากเชื้อราเช่น โรคใบซีดสีน้ำตาล โรคกาบใบแห้งในข้าว โรคใบจุดในคะน้า โรคใบใหม้ โรคสแคป โรคแอนแทรคโนส', 14, '1', 'พืชทั่วไป (ยกเว้นมะม่วง)', '2020-08-29 15:13:00', '2020-08-29 15:13:00'),
(6, 'คาร์เบนดาซิม (carbendazim)', 1, 'คาร์์ดาซิน', '50', 'wp', '10-12 g', 'โรคที่เกิดจากเชื้อราเช่น โรคใบซีดสีน้ำตาล โรคกาบใบแห้งในข้าว โรคใบจุดในคะน้า โรคใบใหม้ โรคสแคป โรคแอนแทรคโนส', 14, '1', 'พืชทั่วไป (ยกเว้นมะม่วง)', '2020-08-29 15:13:00', '2020-08-29 15:13:00'),
(7, 'คาร์เบนดาซิม (carbendazim)', 1, 'ราดาซิม', '50', 'wp', '10-12 g', 'โรคที่เกิดจากเชื้อราเช่น โรคใบซีดสีน้ำตาล โรคกาบใบแห้งในข้าว โรคใบจุดในคะน้า โรคใบใหม้ โรคสแคป โรคแอนแทรคโนส', 14, '1', 'พืชทั่วไป (ยกเว้นมะม่วง)', '2020-08-29 15:13:00', '2020-08-29 15:13:00'),
(8, 'คาร์เบนดาซิม (carbendazim)', 1, 'เบ็นตัส ', '50', 'wp', '10-12 g', 'โรคที่เกิดจากเชื้อราเช่น โรคใบซีดสีน้ำตาล โรคกาบใบแห้งในข้าว โรคใบจุดในคะน้า โรคใบใหม้ โรคสแคป โรคแอนแทรคโนส', 14, '1', 'พืชทั่วไป (ยกเว้นมะม่วง)', '2020-08-29 15:13:00', '2020-08-29 15:13:00'),
(9, 'คาร์เบนดาซิม (carbendazim)', 1, 'เบ็นตัส เอสซี', '50', 'sc', '10-20 ml', 'โรคที่เกิดจากเชื้อราเช่น โรคใบซีดสีน้ำตาล โรคกาบใบแห้งในข้าว โรคใบจุดในคะน้า โรคใบใหม้ โรคสแคป โรคแอนแทรคโนส', 7, '1', 'มะม่วง', '2020-08-29 15:13:00', '2020-08-29 15:13:00'),
(10, 'คาร์เบนดาซิม (carbendazim)', 1, 'โพลลาร์ด', '50', 'sc', '10-20 ml', 'โรคที่เกิดจากเชื้อราเช่น โรคใบซีดสีน้ำตาล โรคกาบใบแห้งในข้าว โรคใบจุดในคะน้า โรคใบใหม้ โรคสแคป โรคแอนแทรคโนส', 7, '1', 'มะม่วง', '2020-08-29 15:13:00', '2020-08-29 15:13:00'),
(11, 'คาร์เบนดาซิม (carbendazim)', 1, 'คาร์ดาซิน เอฟ', '50', 'sc', '10-20 ml', 'โรคที่เกิดจากเชื้อราเช่น โรคใบซีดสีน้ำตาล โรคกาบใบแห้งในข้าว โรคใบจุดในคะน้า โรคใบใหม้ โรคสแคป โรคแอนแทรคโนส', 7, '1', 'มะม่วง', '2020-08-29 15:13:00', '2020-08-29 15:13:00'),
(12, 'คาร์เบนดาซิม (carbendazim)', 1, 'คาร์์ดาซิน', '50', 'wp', '10-12 g', 'โรคที่เกิดจากเชื้อราเช่น โรคใบซีดสีน้ำตาล โรคกาบใบแห้งในข้าว โรคใบจุดในคะน้า โรคใบใหม้ โรคสแคป โรคแอนแทรคโนส', 7, '1', 'มะม่วง', '2020-08-29 15:13:00', '2020-08-29 15:13:00'),
(13, 'คาร์เบนดาซิม (carbendazim)', 1, 'ราดาซิม', '50', 'wp', '10-12 g', 'โรคที่เกิดจากเชื้อราเช่น โรคใบซีดสีน้ำตาล โรคกาบใบแห้งในข้าว โรคใบจุดในคะน้า โรคใบใหม้ โรคสแคป โรคแอนแทรคโนส', 7, '1', 'มะม่วง', '2020-08-29 15:13:00', '2020-08-29 15:13:00'),
(14, 'คาร์เบนดาซิม (carbendazim)', 1, 'เบ็นตัส ', '50', 'wp', '10-12 g', 'โรคที่เกิดจากเชื้อราเช่น โรคใบซีดสีน้ำตาล โรคกาบใบแห้งในข้าว โรคใบจุดในคะน้า โรคใบใหม้ โรคสแคป โรคแอนแทรคโนส', 7, '1', 'มะม่วง', '2020-08-29 15:13:00', '2020-08-29 15:13:00'),
(15, 'ไดฟีโนโคนาโซล (difenoconazole) ', 1, 'สกอร์', '25', 'EC', '5-20 ml', 'โรคใบจุุด  โรคราสนิมขาวในเญจมาส โรคเถาแห้ง โรคผลเน่าในองุ่น  ใบจุดม่วงในหอม โรคแอนแทรคโนสในมะม่วง', 21, '3', 'พืชทั่วไป  ห้ามใช้ในคะน้า  (เซเลอรี่ 7 วัน)', '2020-08-29 15:13:00', '2020-08-29 15:13:00'),
(16, 'ไดฟีโนโคนาโซล (difenoconazole) ', 1, 'สกอร์', '25', 'EC', '5-20 ml', 'โรคใบจุุด  โรคราสนิมขาวในเญจมาส โรคเถาแห้ง โรคผลเน่าในองุ่น  ใบจุดม่วงในหอม โรคแอนแทรคโนสในมะม่วง', 7, '3', 'เซเลอรี่', '2020-08-29 15:13:00', '2020-08-29 15:13:00'),
(17, 'ไตรโคเดอร์มา  ฮาร์เซียนั่ม', 3, 'ไตรซาน', '2x10ยกกำลัง8 cfu/g', 'wp', '50 g', 'โรคใบจุด ใบไหม้ โรครากเน่าจากเชื้อรา', 0, '-', 'พืชทั่วไป', '2020-08-29 15:13:00', '2020-08-29 15:13:00'),
(18, 'ไตรโคเดอร์มา  ฮาร์เซียนั่ม', 3, 'พีพี  ไตรโค', '10ยกกำลัง8 cfu/g', 'wp', '20 g', 'โรคใบจุด ใบไหม้ โรครากเน่าจากเชื้อรา', 0, '-', 'พืชทั่วไป', '2020-08-29 15:13:00', '2020-08-29 15:13:00'),
(19, 'ฟิโปรนิล', 2, 'เลอแซ็ค', '5', 'SC', '10 ml', 'หนอนกระทู้ หนอนใยผัก หนอนเจาะยอด หนอนชอนใบ แมลงหวี่ขาว เพลี้ยไฟ เพลี้ยอ่อน เพลี้ยจักจั่น ด้วงงวงมันเทศ  ', 10, '2', 'พืชทั่วไป', '2020-08-29 15:13:00', '2020-08-29 15:13:00'),
(20, 'ฟิโปรนิล', 2, 'มอร์เก็น', '5', 'SC', '20 ml', 'หนอนกระทู้ หนอนใยผัก หนอนเจาะยอด หนอนชอนใบ แมลงหวี่ขาว เพลี้ยไฟ เพลี้ยอ่อน เพลี้ยจักจั่น ด้วงงวงมันเทศ  ', 10, '2', 'พืชทั่วไป', '2020-08-29 15:13:00', '2020-08-29 15:13:00'),
(21, 'ฟิโปรนิล', 2, 'แอ็สเซนด์', '5', 'SC', '20-40 ml', 'หนอนกระทู้ หนอนใยผัก หนอนเจาะยอด หนอนชอนใบ แมลงหวี่ขาว เพลี้ยไฟ เพลี้ยอ่อน เพลี้ยจักจั่น ด้วงงวงมันเทศ  ', 10, '2', 'พืชทั่วไป', '2020-08-29 15:13:00', '2020-08-29 15:13:00'),
(22, 'โฟลคูมาเฟน (Flocoumafen)', 4, 'สะตอม', '0.0005', 'ก้อน', '3-5 ก้อน/จุด', 'วางเหยื่อพิษเป็นจุด ห่า่งกัน 5 เมตร ทุก 7-10 วัน ติดต่อกัน 8 สัปดาห์', 0, '-', '-', '2020-08-29 15:13:00', '2020-08-29 15:13:00');

-- Table homestead.password_resets does not contain any data (it is empty)

-- Table homestead.migrations does not contain any data (it is empty)

-- 
-- Dumping data for table media
--
INSERT INTO media VALUES
(1, 'Pesticide', 1, '88c3d1539a24faf8e463d22da620b082.png'),
(2, 'Pesticide', 1, 'a250d1363778de32f1525de6817676cb.jpg'),
(3, 'Pesticide', 2, '162d31dd86e8347533cfe9e2c80c70b8.png'),
(4, 'Pesticide', 2, 'f44303490cc620c6bd89407fb999ac88.jpg');

-- Table homestead.issues does not contain any data (it is empty)

--
-- Restore previous SQL mode
--
/*!40101 SET SQL_MODE=@OLD_SQL_MODE */;

--
-- Enable foreign keys
--
/*!40014 SET FOREIGN_KEY_CHECKS = @OLD_FOREIGN_KEY_CHECKS */;